firstName,lastName,email
Wilmer,Hills,wilmer.hills@example.com
Rosina,Abshire,rosina.abshire@example.com
Jesusa,Kautzer,jesusa.kautzer@example.com
Charles,Langosh,charles.langosh@example.com
Robbyn,Williamson,robbyn.williamson@example.com
Leandro,Mueller,leandro.mueller@example.com
Jasmine,Tromp,jasmine.tromp@example.com
Christopher,Grady,christopher.grady@example.com
Dania,Moen,dania.moen@example.com
Genia,Halvorson,genia.halvorson@example.com
Erinn,Block,erinn.block@example.com
Greg,Stroman,greg.stroman@example.com
Arminda,Ankunding,arminda.ankunding@example.com
Elden,Pfeffer,elden.pfeffer@example.com
Rigoberto,Emard,rigoberto.emard@example.com
Bertram,Quitzon,bertram.quitzon@example.com
Mee,Konopelski,mee.konopelski@example.com
Wilmer,Gleichner,wilmer.gleichner@example.com
Lonnie,Hoppe,lonnie.hoppe@example.com
Xochitl,Hagenes,xochitl.hagenes@example.com
Jordan,Cassin,jordan.cassin@example.com
Yon,Trantow,yon.trantow@example.com
Mika,Metz,mika.metz@example.com
Mitzi,Olson,mitzi.olson@example.com
Percy,Hoeger,percy.hoeger@example.com
Natashia,Osinski,natashia.osinski@example.com
Teodoro,Huel,teodoro.huel@example.com
Marcy,Leannon,marcy.leannon@example.com
Doretha,Bosco,doretha.bosco@example.com
Candis,Ondricka,candis.ondricka@example.com
Don,Mohr,don.mohr@example.com
Jene,Lockman,jene.lockman@example.com
Farrah,Auer,farrah.auer@example.com
Garland,Jacobson,garland.jacobson@example.com
Zelda,Gulgowski,zelda.gulgowski@example.com
Treva,Lowe,treva.lowe@example.com
Darrick,MacGyver,darrick.macgyver@example.com
Luther,Considine,luther.considine@example.com
Edward,Kessler,edward.kessler@example.com
Martin,Kuhic,martin.kuhic@example.com
Cody,Cruickshank,cody.cruickshank@example.com
Woodrow,Bergstrom,woodrow.bergstrom@example.com
Sherlyn,Sanford,sherlyn.sanford@example.com
Seymour,Fadel,seymour.fadel@example.com
Alton,Lind,alton.lind@example.com
Noe,Hessel,noe.hessel@example.com
Cyndy,Breitenberg,cyndy.breitenberg@example.com
Jeramy,Sanford,jeramy.sanford@example.com
Todd,Gusikowski,todd.gusikowski@example.com
Rachell,McGlynn,rachell.mcglynn@example.com
Candice,Renner,candice.renner@example.com
Austin,Wiegand,austin.wiegand@example.com
Fermin,Ferry,fermin.ferry@example.com
Gonzalo,Auer,gonzalo.auer@example.com
Josiah,Carroll,josiah.carroll@example.com
Lynn,Rogahn,lynn.rogahn@example.com
Earnest,Von,earnest.von@example.com
Edgardo,Hettinger,edgardo.hettinger@example.com
Ed,Windler,ed.windler@example.com
Tomasa,Ernser,tomasa.ernser@example.com
Yong,Larson,yong.larson@example.com
Elza,Bogisich,elza.bogisich@example.com
Bernardina,Muller,bernardina.muller@example.com
Brandon,Bayer,brandon.bayer@example.com
Philip,Ebert,philip.ebert@example.com
Alexis,McGlynn,alexis.mcglynn@example.com
Buster,Osinski,buster.osinski@example.com
Tatiana,Collier,tatiana.collier@example.com
Jerrell,Hodkiewicz,jerrell.hodkiewicz@example.com
Grady,Braun,grady.braun@example.com
Shantelle,Daugherty,shantelle.daugherty@example.com
Isaiah,Bogisich,isaiah.bogisich@example.com
Myles,Yundt,myles.yundt@example.com
Stephany,Sawayn,stephany.sawayn@example.com
Liana,Streich,liana.streich@example.com
My,Harris,my.harris@example.com
Marcos,Considine,marcos.considine@example.com
Mitchell,Schoen,mitchell.schoen@example.com
Corazon,Hirthe,corazon.hirthe@example.com
Tajuana,Langworth,tajuana.langworth@example.com
Althea,Durgan,althea.durgan@example.com
Jodi,Skiles,jodi.skiles@example.com
Sidney,Pouros,sidney.pouros@example.com
Venita,Upton,venita.upton@example.com
Eugenio,Braun,eugenio.braun@example.com
Tanner,Adams,tanner.adams@example.com
Teodoro,Bailey,teodoro.bailey@example.com
Sandie,Hintz,sandie.hintz@example.com
Jules,Schuster,jules.schuster@example.com
Corey,Kling,corey.kling@example.com
Miguelina,Ullrich,miguelina.ullrich@example.com
Yolonda,Pouros,yolonda.pouros@example.com
Magaly,Skiles,magaly.skiles@example.com
Sommer,Hirthe,sommer.hirthe@example.com
Bonita,Labadie,bonita.labadie@example.com
Markita,Homenick,markita.homenick@example.com
Ramiro,Feeney,ramiro.feeney@example.com
Terrell,Thiel,terrell.thiel@example.com
Gale,Smitham,gale.smitham@example.com
Rhett,Kuhn,rhett.kuhn@example.com
